province,year,exam_mode,score_system,full_score,track_split,n_records,n_ties,n_bonus_flagged,n_gender_confirmed,n_anonymized,ban_stage
北京,2000,3+X文理综,nat750,750,文理,2,0,0,2,0,0
北京,2001,3+X文理综,nat750,750,文理,2,0,0,1,0,0
北京,2002,3+X文理综,nat750,750,文理,2,0,0,1,0,0
北京,2003,3+X文理综,nat750,750,文理,2,0,2,1,0,0
北京,2004,3+X文理综,nat750,750,文理,2,0,1,2,0,0
北京,2005,3+X文理综,nat750,750,文理,3,2,3,2,0,1
北京,2006,3+X文理综,nat750,750,文理,2,0,2,2,0,1
北京,2007,3+X文理综,nat750,750,文理,2,0,0,2,0,1
北京,2008,3+X文理综,nat750,750,文理,2,0,0,1,0,1
北京,2009,3+X文理综,nat750,750,文理,2,0,0,0,0,1
北京,2010,3+X文理综,nat750,750,文理,2,0,1,2,0,1
北京,2011,3+X文理综,nat750,750,文理,4,3,1,3,0,1
北京,2012,3+X文理综,nat750,750,文理,2,0,0,1,0,1
北京,2013,3+X文理综,nat750,750,文理,4,0,3,2,0,1
北京,2014,3+X文理综,nat750,750,文理,3,0,1,2,0,1
北京,2015,3+X文理综,nat750,750,文理,3,0,1,2,0,1
北京,2016,3+X文理综,nat750,750,文理,3,2,0,2,0,1
北京,2017,3+X文理综,nat750,750,文理,2,0,0,2,0,1
北京,2018,3+X文理综,nat750,750,文理,2,0,0,2,0,2
北京,2019,3+X文理综,nat750,750,文理,3,0,1,3,0,2
北京,2020,3+3,nat750,750,3+3不分,1,0,0,1,0,2
北京,2021,3+3,nat750,750,3+3不分,1,0,0,0,1,2
北京,2022,3+3,nat750,750,3+3不分,1,0,0,1,0,2
北京,2023,3+3,nat750,750,3+3不分,1,0,0,0,1,2
北京,2024,3+3,nat750,750,3+3不分,1,0,0,0,0,2
北京,2025,3+3,nat750,750,3+3不分,1,0,0,0,0,2
北京,2026,3+3,nat750,750,3+3不分,0,0,0,0,0,2
天津,2000,3+X文理综,nat750,750,文理,3,2,0,2,0,0
天津,2001,3+X文理综,nat750,750,文理,2,0,0,1,0,0
天津,2002,3+X文理综,nat750,750,文理,2,0,1,2,0,0
天津,2003,3+X文理综,nat750,750,文理,2,0,0,1,0,0
天津,2004,3+X文理综,nat750,750,文理,2,0,0,1,0,0
天津,2005,3+X文理综,nat750,750,文理,2,0,1,2,0,1
天津,2006,3+X文理综,nat750,750,文理,2,0,1,1,0,1
天津,2007,3+X文理综,nat750,750,文理,3,0,2,1,0,1
天津,2008,3+X文理综,nat750,750,文理,3,0,2,1,0,1
天津,2009,3+X文理综,nat750,750,文理,2,0,1,0,0,1
天津,2010,3+X文理综,nat750,750,文理,3,0,1,3,0,1
天津,2011,3+X文理综,nat750,750,文理,3,0,2,3,0,1
天津,2012,3+X文理综,nat750,750,文理,2,0,2,2,0,1
天津,2013,3+X文理综,nat750,750,文理,4,2,3,3,0,1
天津,2014,3+X文理综,nat750,750,文理,3,0,3,3,0,1
天津,2015,3+X文理综,nat750,750,文理,2,0,0,1,0,1
天津,2016,3+X文理综,nat750,750,文理,3,2,0,1,0,1
天津,2017,3+X文理综,nat750,750,文理,2,0,0,1,0,1
天津,2018,3+X文理综,nat750,750,文理,2,0,0,2,0,2
天津,2019,3+X文理综,nat750,750,文理,2,0,0,1,0,2
天津,2020,3+3,nat750,750,3+3不分,1,0,0,1,0,2
天津,2021,3+3,nat750,750,3+3不分,1,0,0,1,0,2
天津,2022,3+3,nat750,750,3+3不分,1,0,0,1,0,2
天津,2023,3+3,nat750,750,3+3不分,2,2,0,2,0,2
天津,2024,3+3,nat750,750,3+3不分,1,0,0,0,0,2
天津,2025,3+3,nat750,750,3+3不分,1,0,0,1,0,2
天津,2026,3+3,nat750,750,3+3不分,2,2,0,0,2,2
上海,2000,3+1,sh630,630,文理,2,0,0,1,0,0
上海,2001,3+1,sh630,630,文理,2,0,0,1,0,0
上海,2002,3+1,sh630,630,文理,3,0,0,1,0,0
上海,2003,3+1,sh630,630,文理,2,0,1,2,0,0
上海,2004,3+1,sh630,630,文理,2,0,1,1,0,0
上海,2005,3+1,sh630,630,文理,3,0,1,2,0,1
上海,2006,3+1,sh630,630,文理,2,0,0,0,0,1
上海,2007,3+1,sh630,630,文理,2,0,0,1,0,1
上海,2008,3+1,sh630,630,文理,3,0,1,1,0,1
上海,2009,3+1,sh630,630,文理,2,0,1,1,0,1
上海,2010,3+1,sh630,630,文理,2,0,1,0,0,1
上海,2011,3+1,sh630,630,文理,3,2,0,1,0,1
上海,2012,3+1,sh630,630,文理,3,0,1,2,0,1
上海,2013,3+1,sh630,630,文理,3,2,0,2,0,1
上海,2014,3+1,sh630,630,文理,3,0,1,3,0,1
上海,2015,3+1,sh630,630,文理,2,0,0,1,0,1
上海,2016,3+1,sh630,630,文理,2,0,0,2,0,1
上海,2017,3+3,sh660,660,3+3不分,1,0,0,1,0,1
上海,2018,3+3,sh660,660,3+3不分,1,0,0,1,0,2
上海,2019,3+3,sh660,660,3+3不分,1,0,0,1,0,2
上海,2020,3+3,sh660,660,3+3不分,3,3,0,1,0,2
上海,2021,3+3,sh660,660,3+3不分,1,0,0,1,0,2
上海,2022,3+3,sh660,660,3+3不分,1,0,0,1,0,2
上海,2023,3+3,sh660,660,3+3不分,1,0,0,1,0,2
上海,2024,3+3,sh660,660,3+3不分,1,0,0,1,0,2
上海,2025,3+3,sh660,660,3+3不分,2,2,0,2,0,2
上海,2026,3+3,sh660,660,3+3不分,1,0,0,0,0,2
重庆,2000,3+X文理综,nat750,750,文理,3,2,0,2,0,0
重庆,2001,3+X文理综,nat750,750,文理,2,0,0,1,0,0
重庆,2002,3+X文理综,nat750,750,文理,2,0,0,2,0,0
重庆,2003,3+X文理综,nat750,750,文理,2,0,0,2,0,0
重庆,2004,3+X文理综,nat750,750,文理,2,0,1,1,0,0
重庆,2005,3+X文理综,nat750,750,文理,2,0,0,2,0,1
重庆,2006,3+X文理综,nat750,750,文理,4,2,2,4,0,1
重庆,2007,3+X文理综,nat750,750,文理,3,0,1,3,0,1
重庆,2008,3+X文理综,nat750,750,文理,4,2,1,3,0,1
重庆,2009,3+X文理综,nat750,750,文理,6,4,3,4,0,1
重庆,2010,3+X文理综,nat750,750,文理,3,0,2,3,0,1
重庆,2011,3+X文理综,nat750,750,文理,3,0,1,2,0,1
重庆,2012,3+X文理综,nat750,750,文理,2,0,1,2,0,1
重庆,2013,3+X文理综,nat750,750,文理,2,0,0,2,0,1
重庆,2014,3+X文理综,nat750,750,文理,2,0,1,1,0,1
重庆,2015,3+X文理综,nat750,750,文理,3,0,1,3,0,1
重庆,2016,3+X文理综,nat750,750,文理,2,0,0,2,0,1
重庆,2017,3+X文理综,nat750,750,文理,2,0,0,2,0,1
重庆,2018,3+X文理综,nat750,750,文理,2,0,0,2,0,2
重庆,2019,3+X文理综,nat750,750,文理,2,0,0,2,0,2
重庆,2020,3+X文理综,nat750,750,文理,2,0,0,2,0,2
重庆,2021,3+1+2,nat750,750,物历,4,0,2,3,0,2
重庆,2022,3+1+2,nat750,750,物历,2,0,0,2,0,2
重庆,2023,3+1+2,nat750,750,物历,2,0,0,0,0,2
重庆,2024,3+1+2,nat750,750,物历,3,2,0,0,1,2
重庆,2025,3+1+2,nat750,750,物历,2,0,0,0,2,2
重庆,2026,3+1+2,nat750,750,物历,0,0,0,0,0,2
河北,2000,3+X文理综,nat750,750,文理,3,0,2,3,0,0
河北,2001,3+X文理综,nat750,750,文理,2,0,1,1,0,0
河北,2002,3+X文理综,nat750,750,文理,3,0,2,3,0,0
河北,2003,3+X文理综,nat750,750,文理,2,0,2,2,0,0
河北,2004,3+X文理综,nat750,750,文理,2,0,1,2,0,0
河北,2005,3+X文理综,nat750,750,文理,2,0,1,2,0,1
河北,2006,3+X文理综,nat750,750,文理,2,0,2,2,0,1
河北,2007,3+X文理综,nat750,750,文理,3,0,1,3,0,1
河北,2008,3+X文理综,nat750,750,文理,3,0,2,1,0,1
河北,2009,3+X文理综,nat750,750,文理,3,0,2,2,0,1
河北,2010,3+X文理综,nat750,750,文理,2,0,2,2,0,1
河北,2011,3+X文理综,nat750,750,文理,3,2,1,2,0,1
河北,2012,3+X文理综,nat750,750,文理,3,0,1,3,0,1
河北,2013,3+X文理综,nat750,750,文理,2,0,1,1,0,1
河北,2014,3+X文理综,nat750,750,文理,4,0,2,2,0,1
河北,2015,3+X文理综,nat750,750,文理,3,0,1,1,0,1
河北,2016,3+X文理综,nat750,750,文理,2,0,0,1,0,1
河北,2017,3+X文理综,nat750,750,文理,2,0,0,2,0,1
河北,2018,3+X文理综,nat750,750,文理,2,0,0,1,0,2
河北,2019,3+X文理综,nat750,750,文理,2,0,0,2,0,2
河北,2020,3+X文理综,nat750,750,文理,2,0,0,1,0,2
河北,2021,3+1+2,nat750,750,物历,3,2,0,3,0,2
河北,2022,3+1+2,nat750,750,物历,2,0,0,1,0,2
河北,2023,3+1+2,nat750,750,物历,2,0,0,1,0,2
河北,2024,3+1+2,nat750,750,物历,3,2,0,3,0,2
河北,2025,3+1+2,nat750,750,物历,2,0,0,1,0,2
河北,2026,3+1+2,nat750,750,物历,3,2,0,1,0,2
山西,2000,3+X文理综,nat750,750,文理,2,0,0,1,0,0
山西,2001,3+X文理综,nat750,750,文理,2,0,0,1,0,0
山西,2002,3+X文理综,nat750,750,文理,2,0,0,1,0,0
山西,2003,3+X文理综,nat750,750,文理,2,0,0,2,0,0
山西,2004,3+X文理综,nat750,750,文理,2,0,0,0,0,0
山西,2005,3+X文理综,nat750,750,文理,2,0,0,1,0,1
山西,2006,3+X文理综,nat750,750,文理,2,0,1,1,0,1
山西,2007,3+X文理综,nat750,750,文理,2,0,0,2,0,1
山西,2008,3+X文理综,nat750,750,文理,2,0,0,1,0,1
山西,2009,3+X文理综,nat750,750,文理,3,0,1,2,0,1
山西,2010,3+X文理综,nat750,750,文理,2,0,0,2,0,1
山西,2011,3+X文理综,nat750,750,文理,3,2,0,1,0,1
山西,2012,3+X文理综,nat750,750,文理,3,0,1,3,0,1
山西,2013,3+X文理综,nat750,750,文理,2,0,1,1,0,1
山西,2014,3+X文理综,nat750,750,文理,2,0,1,1,0,1
山西,2015,3+X文理综,nat750,750,文理,2,0,0,1,0,1
山西,2016,3+X文理综,nat750,750,文理,2,0,0,2,0,1
山西,2017,3+X文理综,nat750,750,文理,2,0,0,1,0,1
山西,2018,3+X文理综,nat750,750,文理,2,0,0,2,0,2
山西,2019,3+X文理综,nat750,750,文理,2,0,0,2,0,2
山西,2020,3+X文理综,nat750,750,文理,2,0,0,0,0,2
山西,2021,3+X文理综,nat750,750,文理,3,2,0,1,0,2
山西,2022,3+X文理综,nat750,750,文理,2,0,0,2,0,2
山西,2023,3+X文理综,nat750,750,文理,2,0,0,0,0,2
山西,2024,3+X文理综,nat750,750,文理,2,0,0,2,0,2
山西,2025,3+1+2,nat750,750,物历,2,0,0,1,0,2
山西,2026,3+1+2,nat750,750,物历,2,0,0,1,0,2
辽宁,2000,3+X文理综,nat750,750,文理,2,0,0,2,0,0
辽宁,2001,3+X文理综,nat750,750,文理,4,4,0,2,0,0
辽宁,2002,3+X文理综,nat750,750,文理,2,0,0,2,0,0
辽宁,2003,大综合,nat750,750,不分,1,0,1,1,0,0
辽宁,2004,大综合,nat750,750,不分,2,0,1,1,0,0
辽宁,2005,大综合,nat750,750,不分,3,2,1,2,0,1
辽宁,2006,3+X文理综,nat750,750,文理,3,0,1,2,0,1
辽宁,2007,3+X文理综,nat750,750,文理,3,0,1,2,0,1
辽宁,2008,3+X文理综,nat750,750,文理,2,0,1,2,0,1
辽宁,2009,3+X文理综,nat750,750,文理,3,0,3,3,0,1
辽宁,2010,3+X文理综,nat750,750,文理,4,0,2,3,0,1
辽宁,2011,3+X文理综,nat750,750,文理,2,0,1,1,0,1
辽宁,2012,3+X文理综,nat750,750,文理,4,0,1,2,0,1
辽宁,2013,3+X文理综,nat750,750,文理,3,0,2,3,0,1
辽宁,2014,3+X文理综,nat750,750,文理,4,0,2,2,0,1
辽宁,2015,3+X文理综,nat750,750,文理,2,0,0,0,0,1
辽宁,2016,3+X文理综,nat750,750,文理,3,0,1,3,0,1
辽宁,2017,3+X文理综,nat750,750,文理,2,0,0,1,0,1
辽宁,2018,3+X文理综,nat750,750,文理,3,0,0,1,0,2
辽宁,2019,3+X文理综,nat750,750,文理,2,0,0,0,0,2
辽宁,2020,3+X文理综,nat750,750,文理,3,0,1,2,0,2
辽宁,2021,3+1+2,nat750,750,物历,3,2,0,3,0,2
辽宁,2022,3+1+2,nat750,750,物历,4,0,2,4,0,2
辽宁,2023,3+1+2,nat750,750,物历,5,2,0,4,0,2
辽宁,2024,3+1+2,nat750,750,物历,3,2,0,2,0,2
辽宁,2025,3+1+2,nat750,750,物历,4,3,0,2,0,2
辽宁,2026,3+1+2,nat750,750,物历,3,2,0,1,1,2
吉林,2000,3+X文理综,nat750,750,文理,2,0,0,2,0,0
吉林,2001,3+X文理综,nat750,750,文理,3,2,0,1,0,0
吉林,2002,3+X文理综,nat750,750,文理,2,0,0,1,0,0
吉林,2003,3+X文理综,nat750,750,文理,3,2,0,1,0,0
吉林,2004,3+X文理综,nat750,750,文理,2,0,0,1,0,0
吉林,2005,3+X文理综,nat750,750,文理,2,0,0,2,0,1
吉林,2006,3+X文理综,nat750,750,文理,2,0,0,1,0,1
吉林,2007,3+X文理综,nat750,750,文理,4,0,1,1,0,1
吉林,2008,3+X文理综,nat750,750,文理,2,0,1,2,0,1
吉林,2009,3+X文理综,nat750,750,文理,3,0,3,1,0,1
吉林,2010,3+X文理综,nat750,750,文理,4,1,2,2,0,1
吉林,2011,3+X文理综,nat750,750,文理,4,0,2,4,0,1
吉林,2012,3+X文理综,nat750,750,文理,3,0,1,3,0,1
吉林,2013,3+X文理综,nat750,750,文理,4,0,3,2,0,1
吉林,2014,3+X文理综,nat750,750,文理,5,2,3,4,0,1
吉林,2015,3+X文理综,nat750,750,文理,5,2,2,3,0,1
吉林,2016,3+X文理综,nat750,750,文理,4,0,2,3,0,1
吉林,2017,3+X文理综,nat750,750,文理,3,0,1,3,0,1
吉林,2018,3+X文理综,nat750,750,文理,3,0,0,0,0,2
吉林,2019,3+X文理综,nat750,750,文理,4,0,1,2,0,2
吉林,2020,3+X文理综,nat750,750,文理,2,0,0,1,0,2
吉林,2021,3+X文理综,nat750,750,文理,2,0,0,2,0,2
吉林,2022,3+X文理综,nat750,750,文理,2,0,0,2,0,2
吉林,2023,3+X文理综,nat750,750,文理,2,0,0,0,0,2
吉林,2024,3+1+2,nat750,750,物历,2,0,0,2,0,2
吉林,2025,3+1+2,nat750,750,物历,2,0,0,2,0,2
吉林,2026,3+1+2,nat750,750,物历,3,2,0,1,0,2
黑龙江,2000,3+X文理综,nat750,750,文理,3,2,0,2,0,0
黑龙江,2001,3+X文理综,nat750,750,文理,2,0,0,1,0,0
黑龙江,2002,3+X文理综,nat750,750,文理,2,0,0,2,0,0
黑龙江,2003,3+X文理综,nat750,750,文理,2,0,0,2,0,0
黑龙江,2004,3+X文理综,nat750,750,文理,2,0,0,2,0,0
黑龙江,2005,3+X文理综,nat750,750,文理,4,3,0,3,0,1
黑龙江,2006,3+X文理综,nat750,750,文理,2,0,0,1,0,1
黑龙江,2007,3+X文理综,nat750,750,文理,3,2,0,3,0,1
黑龙江,2008,3+X文理综,nat750,750,文理,2,0,0,1,0,1
黑龙江,2009,3+X文理综,nat750,750,文理,2,0,0,2,0,1
黑龙江,2010,3+X文理综,nat750,750,文理,3,2,0,1,0,1
黑龙江,2011,3+X文理综,nat750,750,文理,2,0,0,1,0,1
黑龙江,2012,3+X文理综,nat750,750,文理,2,0,0,2,0,1
黑龙江,2013,3+X文理综,nat750,750,文理,3,2,0,2,0,1
黑龙江,2014,3+X文理综,nat750,750,文理,2,0,0,2,0,1
黑龙江,2015,3+X文理综,nat750,750,文理,2,0,0,2,0,1
黑龙江,2016,3+X文理综,nat750,750,文理,2,0,0,2,0,1
黑龙江,2017,3+X文理综,nat750,750,文理,2,0,0,2,0,1
黑龙江,2018,3+X文理综,nat750,750,文理,3,0,0,3,0,2
黑龙江,2019,3+X文理综,nat750,750,文理,2,0,0,2,0,2
黑龙江,2020,3+X文理综,nat750,750,文理,2,0,0,2,0,2
黑龙江,2021,3+X文理综,nat750,750,文理,2,0,0,1,0,2
黑龙江,2022,3+X文理综,nat750,750,文理,2,0,0,2,0,2
黑龙江,2023,3+X文理综,nat750,750,文理,2,0,0,2,0,2
黑龙江,2024,3+1+2,nat750,750,物历,4,3,0,3,0,2
黑龙江,2025,3+1+2,nat750,750,物历,2,0,0,1,0,2
黑龙江,2026,3+1+2,nat750,750,物历,2,0,0,1,0,2
江苏,2000,3+X小综合,nat750,750,文理,3,2,0,2,0,0
江苏,2001,3+X小综合,nat750,750,文理,3,0,0,2,0,0
江苏,2002,大综合,nat750,750,不分,1,0,0,1,0,0
江苏,2003,大综合,nat750,750,不分,2,0,1,2,0,0
江苏,2004,大综合,nat750,750,不分,1,0,1,1,0,0
江苏,2005,大综合,nat750,750,不分,1,0,1,1,0,1
江苏,2006,大综合,nat750,750,不分,2,0,0,2,0,1
江苏,2007,大综合,nat750,750,不分,1,0,0,1,0,1
江苏,2008,3+X等级,js480,480,文理,2,0,2,2,0,1
江苏,2009,3+X等级,js480,480,文理,2,0,2,2,0,1
江苏,2010,3+X等级,js480,480,文理,2,0,1,1,0,1
江苏,2011,3+X等级,js480,480,文理,2,0,2,2,0,1
江苏,2012,3+X等级,js480,480,文理,4,0,4,4,0,1
江苏,2013,3+X等级,js480,480,文理,2,0,2,2,0,1
江苏,2014,3+X等级,js480,480,文理,2,0,2,1,0,1
江苏,2015,3+X等级,js480,480,文理,2,0,2,2,0,1
江苏,2016,3+X等级,js480,480,文理,2,0,2,2,0,1
江苏,2017,3+X等级,js480,480,文理,2,0,2,1,0,1
江苏,2018,3+X等级,js480,480,文理,2,0,2,2,0,2
江苏,2019,3+X等级,js480,480,文理,3,2,3,3,0,2
江苏,2020,3+X等级,js480,480,文理,2,0,0,2,0,2
江苏,2021,3+1+2,nat750,750,物历,3,1,0,3,0,2
江苏,2022,3+1+2,nat750,750,物历,2,0,0,2,0,2
江苏,2023,3+1+2,nat750,750,物历,3,2,0,3,0,2
江苏,2024,3+1+2,nat750,750,物历,2,0,0,2,0,2
江苏,2025,3+1+2,nat750,750,物历,3,2,0,3,0,2
江苏,2026,3+1+2,nat750,750,物历,2,0,0,1,0,2
浙江,2000,3+X综合260,nat710,710,文理,3,2,0,3,0,0
浙江,2001,3+X文理综,nat750,750,文理,3,2,0,1,0,0
浙江,2002,3+X文理综,nat750,750,文理,3,2,0,3,0,0
浙江,2003,3+X文理综,nat750,750,文理,2,0,0,2,0,0
浙江,2004,3+X文理综,nat750,750,文理,2,0,1,2,0,0
浙江,2005,3+X文理综,nat750,750,文理,2,0,0,2,0,1
浙江,2006,3+X文理综,nat750,750,文理,2,0,0,2,0,1
浙江,2007,3+X文理综,nat750,750,文理,4,1,1,3,0,1
浙江,2008,3+X文理综,nat750,750,文理,2,0,0,2,0,1
浙江,2009,3+X自选,zj810,810,文理,5,1,2,3,0,1
浙江,2010,3+X自选,zj810,810,文理,2,0,1,1,0,1
浙江,2011,3+X自选,zj810,810,文理,3,2,0,1,0,1
浙江,2012,3+X自选,zj810,810,文理,3,0,1,2,0,1
浙江,2013,3+X自选,zj810,810,文理,2,0,0,1,0,1
浙江,2014,3+X自选,zj810,810,文理,3,0,1,3,0,1
浙江,2015,3+X自选,zj810,810,文理,2,0,0,2,0,1
浙江,2016,3+X自选,zj810,810,文理,3,0,1,1,0,1
浙江,2017,3+3,nat750,750,3+3不分,1,0,0,0,0,1
浙江,2018,3+3,nat750,750,3+3不分,1,0,0,1,0,2
浙江,2019,3+3,nat750,750,3+3不分,1,0,0,1,0,2
浙江,2020,3+3,nat750,750,3+3不分,1,0,0,1,0,2
浙江,2021,3+3,nat750,750,3+3不分,1,0,0,1,0,2
浙江,2022,3+3,nat750,750,3+3不分,2,2,0,2,0,2
浙江,2023,3+3,nat750,750,3+3不分,1,0,0,1,0,2
浙江,2024,3+3,nat750,750,3+3不分,1,0,0,1,0,2
浙江,2025,3+3,nat750,750,3+3不分,1,0,0,1,0,2
浙江,2026,3+3,nat750,750,3+3不分,1,0,0,0,0,2
安徽,2000,3+X文理综,nat750,750,文理,3,2,0,1,0,0
安徽,2001,3+X文理综,nat750,750,文理,2,0,0,0,0,0
安徽,2002,3+X文理综,nat750,750,文理,2,0,0,2,0,0
安徽,2003,3+X文理综,nat750,750,文理,2,0,0,2,0,0
安徽,2004,3+X文理综,nat750,750,文理,4,2,2,3,0,0
安徽,2005,3+X文理综,nat750,750,文理,3,1,2,1,0,1
安徽,2006,3+X文理综,nat750,750,文理,2,0,0,2,0,1
安徽,2007,3+X文理综,nat750,750,文理,2,0,1,2,0,1
安徽,2008,3+X文理综,nat750,750,文理,3,0,1,2,0,1
安徽,2009,3+X文理综,nat750,750,文理,5,2,3,1,0,1
安徽,2010,3+X文理综,nat750,750,文理,5,2,3,3,0,1
安徽,2011,3+X文理综,nat750,750,文理,4,0,2,4,0,1
安徽,2012,3+X文理综,nat750,750,文理,2,0,1,1,0,1
安徽,2013,3+X文理综,nat750,750,文理,3,0,1,3,0,1
安徽,2014,3+X文理综,nat750,750,文理,5,4,1,4,0,1
安徽,2015,3+X文理综,nat750,750,文理,3,2,0,2,0,1
安徽,2016,3+X文理综,nat750,750,文理,3,2,0,2,0,1
安徽,2017,3+X文理综,nat750,750,文理,2,0,0,1,0,1
安徽,2018,3+X文理综,nat750,750,文理,2,0,0,2,0,2
安徽,2019,3+X文理综,nat750,750,文理,2,0,0,1,0,2
安徽,2020,3+X文理综,nat750,750,文理,3,2,0,3,0,2
安徽,2021,3+X文理综,nat750,750,文理,2,0,0,2,0,2
安徽,2022,3+X文理综,nat750,750,文理,2,0,0,1,0,2
安徽,2023,3+X文理综,nat750,750,文理,2,0,0,2,0,2
安徽,2024,3+1+2,nat750,750,物历,2,0,0,2,0,2
安徽,2025,3+1+2,nat750,750,物历,4,3,0,3,0,2
安徽,2026,3+1+2,nat750,750,物历,2,0,0,1,0,2
福建,2000,3+X文理综,nat750,750,文理,0,0,0,0,0,0
福建,2001,3+X文理综,nat750,750,文理,0,0,0,0,0,0
福建,2002,3+X文理综,nat750,750,文理,2,0,0,2,0,0
福建,2003,3+X文理综,nat750,750,文理,2,0,0,2,0,0
福建,2004,3+X文理综,nat750,750,文理,5,2,2,5,0,0
福建,2005,3+X文理综,nat750,750,文理,2,0,0,2,0,1
福建,2006,3+X文理综,nat750,750,文理,2,0,0,2,0,1
福建,2007,3+X文理综,nat750,750,文理,3,0,1,3,0,1
福建,2008,3+X文理综,nat750,750,文理,2,0,0,2,0,1
福建,2009,3+X文理综,nat750,750,文理,4,0,2,4,0,1
福建,2010,3+X文理综,nat750,750,文理,4,0,2,4,0,1
福建,2011,3+X文理综,nat750,750,文理,2,0,1,2,0,1
福建,2012,3+X文理综,nat750,750,文理,5,4,3,5,0,1
福建,2013,3+X文理综,nat750,750,文理,3,0,1,3,0,1
福建,2014,3+X文理综,nat750,750,文理,5,2,3,4,0,1
福建,2015,3+X文理综,nat750,750,文理,3,0,1,2,0,1
福建,2016,3+X文理综,nat750,750,文理,2,0,0,2,0,1
福建,2017,3+X文理综,nat750,750,文理,2,0,0,1,0,1
福建,2018,3+X文理综,nat750,750,文理,2,0,0,0,0,2
福建,2019,3+X文理综,nat750,750,文理,2,0,0,2,0,2
福建,2020,3+X文理综,nat750,750,文理,2,0,0,1,0,2
福建,2021,3+1+2,nat750,750,物历,2,0,0,1,0,2
福建,2022,3+1+2,nat750,750,物历,2,0,0,1,0,2
福建,2023,3+1+2,nat750,750,物历,2,0,0,1,0,2
福建,2024,3+1+2,nat750,750,物历,3,1,0,1,0,2
福建,2025,3+1+2,nat750,750,物历,2,0,0,2,0,2
福建,2026,3+1+2,nat750,750,物历,2,0,0,0,0,2
江西,2000,3+X文理综,nat750,750,文理,2,0,0,2,0,0
江西,2001,3+X文理综,nat750,750,文理,3,2,0,2,0,0
江西,2002,3+X文理综,nat750,750,文理,2,0,1,2,0,0
江西,2003,3+X文理综,nat750,750,文理,2,0,0,2,0,0
江西,2004,3+X文理综,nat750,750,文理,2,0,1,1,0,0
江西,2005,3+X文理综,nat750,750,文理,3,0,1,2,0,1
江西,2006,3+X文理综,nat750,750,文理,3,0,1,1,0,1
江西,2007,3+X文理综,nat750,750,文理,2,0,1,1,0,1
江西,2008,3+X文理综,nat750,750,文理,2,0,1,2,0,1
江西,2009,3+X文理综,nat750,750,文理,3,2,0,2,0,1
江西,2010,3+X文理综,nat750,750,文理,2,0,0,1,0,1
江西,2011,3+X文理综,nat750,750,文理,2,0,0,2,0,1
江西,2012,3+X文理综,nat750,750,文理,4,2,1,4,0,1
江西,2013,3+X文理综,nat750,750,文理,4,2,1,1,0,1
江西,2014,3+X文理综,nat750,750,文理,2,0,0,2,0,1
江西,2015,3+X文理综,nat750,750,文理,3,2,0,1,0,1
江西,2016,3+X文理综,nat750,750,文理,2,0,0,2,0,1
江西,2017,3+X文理综,nat750,750,文理,2,0,0,1,0,1
江西,2018,3+X文理综,nat750,750,文理,2,0,0,2,0,2
江西,2019,3+X文理综,nat750,750,文理,2,0,0,2,0,2
江西,2020,3+X文理综,nat750,750,文理,2,0,0,2,0,2
江西,2021,3+X文理综,nat750,750,文理,2,0,0,2,0,2
江西,2022,3+X文理综,nat750,750,文理,4,3,0,3,0,2
江西,2023,3+X文理综,nat750,750,文理,2,0,0,2,0,2
江西,2024,3+1+2,nat750,750,物历,2,0,0,1,0,2
江西,2025,3+1+2,nat750,750,物历,2,0,0,2,0,2
江西,2026,3+1+2,nat750,750,物历,3,2,0,2,0,2
山东,2000,标准分3+2,std900,900,文理,7,5,0,3,0,0
山东,2001,3+X文理综,nat750,750,文理,2,0,1,2,0,0
山东,2002,3+X文理综,nat750,750,文理,3,0,1,2,0,0
山东,2003,3+X文理综,nat750,750,文理,3,0,2,2,0,0
山东,2004,3+X文理综,nat750,750,文理,2,0,1,2,0,0
山东,2005,3+X文理综,nat750,750,文理,4,2,1,1,0,1
山东,2006,3+X文理综,nat750,750,文理,3,0,1,3,0,1
山东,2007,3+X基本能力,nat750,750,文理,4,0,2,2,0,1
山东,2008,3+X基本能力,nat750,750,文理,3,0,1,2,0,1
山东,2009,3+X基本能力,nat750,750,文理,2,0,2,0,0,1
山东,2010,3+X基本能力,nat750,750,文理,4,0,2,1,0,1
山东,2011,3+X基本能力,nat750,750,文理,3,0,1,1,0,1
山东,2012,3+X基本能力,nat750,750,文理,4,0,2,3,0,1
山东,2013,3+X基本能力,nat750,750,文理,4,2,1,2,0,1
山东,2014,3+X文理综,nat750,750,文理,2,0,1,2,0,1
山东,2015,3+X文理综,nat750,750,文理,3,2,1,2,0,1
山东,2016,3+X文理综,nat750,750,文理,2,0,0,1,0,1
山东,2017,3+X文理综,nat750,750,文理,2,0,0,1,0,1
山东,2018,3+X文理综,nat750,750,文理,2,0,0,1,0,2
山东,2019,3+X文理综,nat750,750,文理,2,0,0,1,0,2
山东,2020,3+3,nat750,750,3+3不分,1,0,0,1,0,2
山东,2021,3+3,nat750,750,3+3不分,1,0,0,1,0,2
山东,2022,3+3,nat750,750,3+3不分,1,0,0,1,0,2
山东,2023,3+3,nat750,750,3+3不分,1,0,0,1,0,2
山东,2024,3+3,nat750,750,3+3不分,1,0,0,1,0,2
山东,2025,3+3,nat750,750,3+3不分,1,0,0,1,0,2
山东,2026,3+3,nat750,750,3+3不分,1,0,0,1,0,2
河南,2000,标准分3+2,std900,900,文理,6,5,0,4,0,0
河南,2001,大综合,nat750,750,不分,3,1,1,1,0,0
河南,2002,大综合,nat750,750,不分,2,1,0,1,0,0
河南,2003,大综合,nat750,750,不分,2,0,1,1,0,0
河南,2004,3+X文理综,nat750,750,文理,2,0,1,1,0,0
河南,2005,3+X文理综,nat750,750,文理,2,0,1,2,0,1
河南,2006,3+X文理综,nat750,750,文理,2,0,0,1,0,1
河南,2007,3+X文理综,nat750,750,文理,3,0,1,2,0,1
河南,2008,3+X文理综,nat750,750,文理,2,0,0,2,0,1
河南,2009,3+X文理综,nat750,750,文理,4,0,2,3,0,1
河南,2010,3+X文理综,nat750,750,文理,3,0,1,3,0,1
河南,2011,3+X文理综,nat750,750,文理,3,0,2,1,0,1
河南,2012,3+X文理综,nat750,750,文理,2,0,1,0,0,1
河南,2013,3+X文理综,nat750,750,文理,2,0,1,0,0,1
河南,2014,3+X文理综,nat750,750,文理,3,0,1,1,0,1
河南,2015,3+X文理综,nat750,750,文理,2,0,0,0,0,1
河南,2016,3+X文理综,nat750,750,文理,2,0,0,2,0,1
河南,2017,3+X文理综,nat750,750,文理,2,0,0,2,0,1
河南,2018,3+X文理综,nat750,750,文理,2,0,0,2,0,2
河南,2019,3+X文理综,nat750,750,文理,3,2,0,2,0,2
河南,2020,3+X文理综,nat750,750,文理,3,2,0,3,0,2
河南,2021,3+X文理综,nat750,750,文理,2,0,1,2,0,2
河南,2022,3+X文理综,nat750,750,文理,2,0,0,2,0,2
河南,2023,3+X文理综,nat750,750,文理,2,0,0,1,0,2
河南,2024,3+X文理综,nat750,750,文理,2,0,0,2,0,2
河南,2025,3+1+2,nat750,750,物历,2,0,0,2,0,2
河南,2026,3+1+2,nat750,750,物历,2,0,0,0,0,2
湖北,2000,3+X文理综,nat750,750,文理,2,0,0,2,0,0
湖北,2001,3+X文理综,nat750,750,文理,2,0,0,2,0,0
湖北,2002,3+X文理综,nat750,750,文理,2,0,0,1,0,0
湖北,2003,3+X文理综,nat750,750,文理,2,0,0,2,0,0
湖北,2004,3+X文理综,nat750,750,文理,3,2,0,3,0,0
湖北,2005,3+X文理综,nat750,750,文理,2,0,0,1,0,1
湖北,2006,3+X文理综,nat750,750,文理,2,0,0,2,0,1
湖北,2007,3+X文理综,nat750,750,文理,2,0,0,1,0,1
湖北,2008,3+X文理综,nat750,750,文理,2,0,0,1,0,1
湖北,2009,3+X文理综,nat750,750,文理,2,0,0,0,0,1
湖北,2010,3+X文理综,nat750,750,文理,2,0,0,1,0,1
湖北,2011,3+X文理综,nat750,750,文理,2,0,0,1,0,1
湖北,2012,3+X文理综,nat750,750,文理,2,0,0,2,0,1
湖北,2013,3+X文理综,nat750,750,文理,2,0,0,2,0,1
湖北,2014,3+X文理综,nat750,750,文理,2,0,0,1,0,1
湖北,2015,3+X文理综,nat750,750,文理,2,0,0,2,0,1
湖北,2016,3+X文理综,nat750,750,文理,3,0,1,3,0,1
湖北,2017,3+X文理综,nat750,750,文理,3,0,1,3,0,1
湖北,2018,3+X文理综,nat750,750,文理,3,0,1,3,0,2
湖北,2019,3+X文理综,nat750,750,文理,2,0,0,2,0,2
湖北,2020,3+X文理综,nat750,750,文理,3,0,1,3,0,2
湖北,2021,3+1+2,nat750,750,物历,2,0,1,2,0,2
湖北,2022,3+1+2,nat750,750,物历,2,0,0,2,0,2
湖北,2023,3+1+2,nat750,750,物历,5,3,1,5,0,2
湖北,2024,3+1+2,nat750,750,物历,4,2,1,4,0,2
湖北,2025,3+1+2,nat750,750,物历,5,3,1,3,0,2
湖北,2026,3+1+2,nat750,750,物历,2,0,0,1,0,2
湖南,2000,3+X文理综,nat750,750,文理,4,0,1,4,0,0
湖南,2001,3+X文理综,nat750,750,文理,2,0,0,1,0,0
湖南,2002,3+X文理综,nat750,750,文理,3,0,1,1,0,0
湖南,2003,3+X文理综,nat750,750,文理,3,0,2,3,0,0
湖南,2004,3+X文理综,nat750,750,文理,2,0,2,2,0,0
湖南,2005,3+X文理综,nat750,750,文理,3,0,2,3,0,1
湖南,2006,3+X文理综,nat750,750,文理,3,0,2,3,0,1
湖南,2007,3+X文理综,nat750,750,文理,4,1,2,4,0,1
湖南,2008,3+X文理综,nat750,750,文理,2,0,2,2,0,1
湖南,2009,3+X文理综,nat750,750,文理,3,0,2,1,0,1
湖南,2010,3+X文理综,nat750,750,文理,4,0,2,2,0,1
湖南,2011,3+X文理综,nat750,750,文理,5,1,4,5,0,1
湖南,2012,3+X文理综,nat750,750,文理,3,0,2,3,0,1
湖南,2013,3+X文理综,nat750,750,文理,3,0,2,1,0,1
湖南,2014,3+X文理综,nat750,750,文理,3,0,2,3,0,1
湖南,2015,3+X文理综,nat750,750,文理,2,0,1,2,0,1
湖南,2016,3+X文理综,nat750,750,文理,4,0,2,4,0,1
湖南,2017,3+X文理综,nat750,750,文理,4,1,1,2,0,1
湖南,2018,3+X文理综,nat750,750,文理,3,0,1,3,0,2
湖南,2019,3+X文理综,nat750,750,文理,3,2,0,1,0,2
湖南,2020,3+X文理综,nat750,750,文理,3,0,2,3,0,2
湖南,2021,3+1+2,nat750,750,物历,3,0,2,2,0,2
湖南,2022,3+1+2,nat750,750,物历,4,0,2,3,0,2
湖南,2023,3+1+2,nat750,750,物历,2,0,0,2,0,2
湖南,2024,3+1+2,nat750,750,物历,2,0,0,0,0,2
湖南,2025,3+1+2,nat750,750,物历,3,0,1,1,0,2
湖南,2026,3+1+2,nat750,750,物历,4,2,1,3,0,2
广东,2000,3+X,nat750,750,文理,0,0,0,0,0,0
广东,2001,3+X,nat750,750,文理,0,0,0,0,0,0
广东,2002,3+X,nat750,750,文理,0,0,0,0,0,0
广东,2003,3+X,nat750,750,文理,0,0,0,0,0,0
广东,2004,3+X,nat750,750,文理,0,0,0,0,0,0
广东,2005,3+X,nat750,750,文理,0,0,0,0,0,1
广东,2006,3+X,nat750,750,文理,0,0,0,0,0,1
广东,2007,3+X基础,gd_base750,750,文理,2,0,0,2,0,1
广东,2008,3+X基础,gd_base750,750,文理,2,0,0,2,0,1
广东,2009,3+X基础,gd_base750,750,文理,2,0,0,2,0,1
广东,2010,3+X文理综,nat750,750,文理,6,4,2,6,0,1
广东,2011,3+X文理综,nat750,750,文理,4,0,2,3,0,1
广东,2012,3+X文理综,nat750,750,文理,4,2,2,3,0,1
广东,2013,3+X文理综,nat750,750,文理,4,0,2,2,0,1
广东,2014,3+X文理综,nat750,750,文理,2,0,0,2,0,1
广东,2015,3+X文理综,nat750,750,文理,2,0,0,2,0,1
广东,2016,3+X文理综,nat750,750,文理,4,4,0,4,0,1
广东,2017,3+X文理综,nat750,750,文理,4,2,1,4,0,1
广东,2018,3+X文理综,nat750,750,文理,2,0,0,1,0,2
广东,2019,3+X文理综,nat750,750,文理,2,0,0,2,0,2
广东,2020,3+X文理综,nat750,750,文理,2,0,0,2,0,2
广东,2021,3+1+2,nat750,750,物历,2,0,0,2,0,2
广东,2022,3+1+2,nat750,750,物历,2,0,0,2,0,2
广东,2023,3+1+2,nat750,750,物历,2,0,0,2,0,2
广东,2024,3+1+2,nat750,750,物历,3,2,0,2,0,2
广东,2025,3+1+2,nat750,750,物历,2,0,0,2,0,2
广东,2026,3+1+2,nat750,750,物历,3,2,0,1,0,2
广西,2000,3+X文理综,nat750,750,文理,0,0,0,0,0,0
广西,2001,3+X文理综,nat750,750,文理,0,0,0,0,0,0
广西,2002,3+X文理综,nat750,750,文理,0,0,0,0,0,0
广西,2003,3+X文理综,nat750,750,文理,0,0,0,0,0,0
广西,2004,3+X文理综,nat750,750,文理,0,0,0,0,0,0
广西,2005,3+X文理综,nat750,750,文理,4,0,2,3,0,1
广西,2006,3+X文理综,nat750,750,文理,3,2,1,1,0,1
广西,2007,3+X文理综,nat750,750,文理,2,0,2,1,0,1
广西,2008,3+X文理综,nat750,750,文理,2,0,2,1,0,1
广西,2009,3+X文理综,nat750,750,文理,3,0,2,2,0,1
广西,2010,3+X文理综,nat750,750,文理,3,0,2,1,0,1
广西,2011,3+X文理综,nat750,750,文理,2,0,2,0,0,1
广西,2012,3+X文理综,nat750,750,文理,2,0,2,1,0,1
广西,2013,3+X文理综,nat750,750,文理,4,2,2,1,0,1
广西,2014,3+X文理综,nat750,750,文理,2,0,2,0,0,1
广西,2015,3+X文理综,nat750,750,文理,4,0,2,2,0,1
广西,2016,3+X文理综,nat750,750,文理,3,0,2,1,0,1
广西,2017,3+X文理综,nat750,750,文理,3,0,1,1,0,1
广西,2018,3+X文理综,nat750,750,文理,4,0,2,1,0,2
广西,2019,3+X文理综,nat750,750,文理,2,0,0,2,0,2
广西,2020,3+X文理综,nat750,750,文理,3,0,1,1,0,2
广西,2021,3+X文理综,nat750,750,文理,3,0,2,0,0,2
广西,2022,3+X文理综,nat750,750,文理,2,0,2,2,0,2
广西,2023,3+X文理综,nat750,750,文理,3,1,2,1,0,2
广西,2024,3+1+2,nat750,750,物历,4,0,3,4,0,2
广西,2025,3+1+2,nat750,750,物历,2,0,1,2,0,2
广西,2026,3+1+2,nat750,750,物历,2,0,0,0,0,2
海南,2000,标准分3+X,std900,900,文理,0,0,0,0,0,0
海南,2001,标准分3+X,std900,900,文理,0,0,0,0,0,0
海南,2002,标准分3+X,std900,900,文理,0,0,0,0,0,0
海南,2003,标准分3+X,std900,900,文理,0,0,0,0,0,0
海南,2004,标准分3+X,std900,900,文理,0,0,0,0,0,0
海南,2005,标准分3+X,std900,900,文理,0,0,0,0,0,1
海南,2006,标准分3+X,std900,900,文理,2,0,0,1,0,1
海南,2007,标准分3+X,std900,900,文理,2,0,0,0,0,1
海南,2008,标准分3+X,std900,900,文理,2,0,0,1,0,1
海南,2009,标准分3+X,std900,900,文理,1,0,0,1,0,1
海南,2010,标准分3+X,std900,900,文理,2,0,0,0,0,1
海南,2011,标准分3+X,std900,900,文理,2,0,0,1,0,1
海南,2012,标准分3+X,std900,900,文理,2,0,0,0,0,1
海南,2013,标准分3+X,std900,900,文理,2,0,0,2,0,1
海南,2014,标准分3+X,std900,900,文理,2,0,0,2,0,1
海南,2015,标准分3+X,std900,900,文理,2,0,0,1,0,1
海南,2016,标准分3+X,std900,900,文理,2,0,0,2,0,1
海南,2017,标准分3+X,std900,900,文理,2,0,0,2,0,1
海南,2018,标准分3+X,std900,900,文理,2,0,0,1,0,2
海南,2019,标准分3+X,std900,900,文理,2,0,0,1,0,2
海南,2020,3+3标准分,std900,900,3+3不分,0,0,0,0,0,2
海南,2021,3+3标准分,std900,900,3+3不分,0,0,0,0,0,2
海南,2022,3+3标准分,std900,900,3+3不分,3,3,0,2,0,2
海南,2023,3+3标准分,std900,900,3+3不分,2,0,0,1,0,2
海南,2024,3+3标准分,std900,900,3+3不分,3,2,0,0,0,2
海南,2025,3+3标准分,std900,900,3+3不分,3,0,0,2,0,2
海南,2026,3+3标准分,std900,900,3+3不分,0,0,0,0,0,2
四川,2000,3+X文理综,nat750,750,文理,2,0,0,2,0,0
四川,2001,3+X文理综,nat750,750,文理,2,0,0,2,0,0
四川,2002,3+X文理综,nat750,750,文理,3,2,0,1,0,0
四川,2003,3+X文理综,nat750,750,文理,2,0,0,1,0,0
四川,2004,3+X文理综,nat750,750,文理,3,2,0,3,0,0
四川,2005,3+X文理综,nat750,750,文理,2,0,0,2,0,1
四川,2006,3+X文理综,nat750,750,文理,2,0,0,1,0,1
四川,2007,3+X文理综,nat750,750,文理,2,0,0,2,0,1
四川,2008,3+X文理综,nat750,750,文理,2,0,0,2,0,1
四川,2009,3+X文理综,nat750,750,文理,2,0,0,2,0,1
四川,2010,3+X文理综,nat750,750,文理,2,0,0,2,0,1
四川,2011,3+X文理综,nat750,750,文理,2,0,0,2,0,1
四川,2012,3+X文理综,nat750,750,文理,2,0,0,2,0,1
四川,2013,3+X文理综,nat750,750,文理,2,0,0,2,0,1
四川,2014,3+X文理综,nat750,750,文理,2,0,0,2,0,1
四川,2015,3+X文理综,nat750,750,文理,2,0,0,2,0,1
四川,2016,3+X文理综,nat750,750,文理,2,0,0,2,0,1
四川,2017,3+X文理综,nat750,750,文理,2,0,0,1,0,1
四川,2018,3+X文理综,nat750,750,文理,2,0,0,2,0,2
四川,2019,3+X文理综,nat750,750,文理,3,2,0,2,0,2
四川,2020,3+X文理综,nat750,750,文理,2,0,0,2,0,2
四川,2021,3+X文理综,nat750,750,文理,2,0,0,2,0,2
四川,2022,3+X文理综,nat750,750,文理,3,2,0,3,0,2
四川,2023,3+X文理综,nat750,750,文理,2,0,0,2,0,2
四川,2024,3+X文理综,nat750,750,文理,2,0,0,1,0,2
四川,2025,3+1+2,nat750,750,物历,2,0,0,0,0,2
四川,2026,3+1+2,nat750,750,物历,0,0,0,0,0,2
贵州,2000,3+X文理综,nat750,750,文理,3,2,0,2,0,0
贵州,2001,3+X文理综,nat750,750,文理,3,1,1,2,0,0
贵州,2002,3+X文理综,nat750,750,文理,2,0,0,2,0,0
贵州,2003,3+X文理综,nat750,750,文理,2,0,0,1,0,0
贵州,2004,3+X文理综,nat750,750,文理,2,0,0,2,0,0
贵州,2005,3+X文理综,nat750,750,文理,2,0,1,2,0,1
贵州,2006,3+X文理综,nat750,750,文理,4,0,2,4,0,1
贵州,2007,3+X文理综,nat750,750,文理,3,0,2,3,0,1
贵州,2008,3+X文理综,nat750,750,文理,3,0,2,2,0,1
贵州,2009,3+X文理综,nat750,750,文理,3,0,1,1,0,1
贵州,2010,3+X文理综,nat750,750,文理,2,0,2,1,0,1
贵州,2011,3+X文理综,nat750,750,文理,3,0,2,2,0,1
贵州,2012,3+X文理综,nat750,750,文理,2,0,2,2,0,1
贵州,2013,3+X文理综,nat750,750,文理,4,2,2,4,0,1
贵州,2014,3+X文理综,nat750,750,文理,4,0,2,4,0,1
贵州,2015,3+X文理综,nat750,750,文理,4,2,3,2,0,1
贵州,2016,3+X文理综,nat750,750,文理,4,0,2,3,0,1
贵州,2017,3+X文理综,nat750,750,文理,3,2,1,3,0,1
贵州,2018,3+X文理综,nat750,750,文理,5,3,1,1,0,2
贵州,2019,3+X文理综,nat750,750,文理,3,0,2,3,0,2
贵州,2020,3+X文理综,nat750,750,文理,5,2,2,3,0,2
贵州,2021,3+X文理综,nat750,750,文理,2,0,1,2,0,2
贵州,2022,3+X文理综,nat750,750,文理,2,0,1,2,0,2
贵州,2023,3+X文理综,nat750,750,文理,4,2,2,2,0,2
贵州,2024,3+1+2,nat750,750,物历,4,2,2,4,0,2
贵州,2025,3+1+2,nat750,750,物历,2,0,1,1,0,2
贵州,2026,3+1+2,nat750,750,物历,2,0,0,2,0,2
云南,2000,3+X文理综,nat750,750,文理,2,0,0,1,0,0
云南,2001,3+X文理综,nat750,750,文理,2,0,0,0,0,0
云南,2002,3+X文理综,nat750,750,文理,2,0,0,0,0,0
云南,2003,3+X文理综,nat750,750,文理,2,0,0,1,0,0
云南,2004,3+X文理综,nat750,750,文理,2,0,0,1,0,0
云南,2005,3+X文理综,nat750,750,文理,2,0,0,1,0,1
云南,2006,3+X文理综,nat750,750,文理,3,0,2,1,0,1
云南,2007,3+X文理综,nat750,750,文理,4,2,2,3,0,1
云南,2008,3+X文理综,nat750,750,文理,2,0,0,1,0,1
云南,2009,3+X文理综,nat750,750,文理,3,0,2,1,0,1
云南,2010,3+X文理综,nat750,750,文理,3,0,2,0,0,1
云南,2011,3+X文理综,nat750,750,文理,4,0,2,2,0,1
云南,2012,3+X文理综,nat750,750,文理,4,1,2,1,0,1
云南,2013,3+X文理综,nat750,750,文理,3,0,2,0,0,1
云南,2014,3+X文理综,nat750,750,文理,3,0,2,1,0,1
云南,2015,3+X文理综,nat750,750,文理,3,0,1,0,0,1
云南,2016,3+X文理综,nat750,750,文理,4,3,1,3,0,1
云南,2017,3+X文理综,nat750,750,文理,4,0,2,1,0,1
云南,2018,3+X文理综,nat750,750,文理,2,0,0,1,0,2
云南,2019,3+X量化,yn772,772,文理,3,0,1,2,0,2
云南,2020,3+X量化,yn772,772,文理,3,0,1,2,0,2
云南,2021,3+X量化,yn772,772,文理,4,0,2,4,0,2
云南,2022,3+X量化,yn772,772,文理,2,0,0,2,0,2
云南,2023,3+X量化,yn772,772,文理,4,0,2,3,0,2
云南,2024,3+X量化,yn772,772,文理,2,0,1,2,0,2
云南,2025,3+1+2,nat750,750,物历,2,0,0,1,0,2
云南,2026,3+1+2,nat750,750,物历,0,0,0,0,0,2
陕西,2000,3+X文理综,nat750,750,文理,0,0,0,0,0,0
陕西,2001,3+X文理综,nat750,750,文理,0,0,0,0,0,0
陕西,2002,3+X文理综,nat750,750,文理,2,0,0,0,0,0
陕西,2003,3+X文理综,nat750,750,文理,3,0,0,2,0,0
陕西,2004,3+X文理综,nat750,750,文理,3,0,0,3,0,0
陕西,2005,3+X文理综,nat750,750,文理,2,0,0,2,0,1
陕西,2006,3+X文理综,nat750,750,文理,2,0,0,2,0,1
陕西,2007,3+X文理综,nat750,750,文理,2,0,0,2,0,1
陕西,2008,3+X文理综,nat750,750,文理,2,0,0,2,0,1
陕西,2009,3+X文理综,nat750,750,文理,2,0,0,1,0,1
陕西,2010,3+X文理综,nat750,750,文理,3,2,0,2,0,1
陕西,2011,3+X文理综,nat750,750,文理,2,0,0,1,0,1
陕西,2012,3+X文理综,nat750,750,文理,2,0,0,2,0,1
陕西,2013,3+X文理综,nat750,750,文理,2,0,0,2,0,1
陕西,2014,3+X文理综,nat750,750,文理,2,0,0,2,0,1
陕西,2015,3+X文理综,nat750,750,文理,2,0,0,2,0,1
陕西,2016,3+X文理综,nat750,750,文理,3,2,0,2,0,1
陕西,2017,3+X文理综,nat750,750,文理,2,0,0,1,0,1
陕西,2018,3+X文理综,nat750,750,文理,3,2,0,1,0,2
陕西,2019,3+X文理综,nat750,750,文理,2,0,0,2,0,2
陕西,2020,3+X文理综,nat750,750,文理,2,0,0,1,0,2
陕西,2021,3+X文理综,nat750,750,文理,2,0,0,1,0,2
陕西,2022,3+X文理综,nat750,750,文理,2,0,0,0,0,2
陕西,2023,3+X文理综,nat750,750,文理,5,4,0,3,0,2
陕西,2024,3+X文理综,nat750,750,文理,2,0,0,1,0,2
陕西,2025,3+1+2,nat750,750,物历,2,0,0,0,0,2
陕西,2026,3+1+2,nat750,750,物历,2,0,0,0,2,2
甘肃,2000,3+X文理综,nat750,750,文理,2,0,0,0,0,0
甘肃,2001,3+X文理综,nat750,750,文理,2,0,0,1,0,0
甘肃,2002,3+X文理综,nat750,750,文理,2,0,0,1,0,0
甘肃,2003,3+X文理综,nat750,750,文理,2,0,0,0,0,0
甘肃,2004,3+X文理综,nat750,750,文理,2,0,0,1,0,0
甘肃,2005,3+X文理综,nat750,750,文理,2,0,0,1,0,1
甘肃,2006,3+X文理综,nat750,750,文理,2,0,0,1,0,1
甘肃,2007,3+X文理综,nat750,750,文理,2,0,0,2,0,1
甘肃,2008,3+X文理综,nat750,750,文理,2,0,0,0,0,1
甘肃,2009,3+X文理综,nat750,750,文理,2,0,0,0,0,1
甘肃,2010,3+X文理综,nat750,750,文理,4,3,0,1,0,1
甘肃,2011,3+X文理综,nat750,750,文理,2,0,0,1,0,1
甘肃,2012,3+X文理综,nat750,750,文理,3,2,1,2,0,1
甘肃,2013,3+X文理综,nat750,750,文理,2,0,0,0,0,1
甘肃,2014,3+X文理综,nat750,750,文理,3,2,0,2,0,1
甘肃,2015,3+X文理综,nat750,750,文理,2,0,0,1,0,1
甘肃,2016,3+X文理综,nat750,750,文理,4,3,0,3,0,1
甘肃,2017,3+X文理综,nat750,750,文理,2,0,0,0,0,1
甘肃,2018,3+X文理综,nat750,750,文理,2,0,0,1,0,2
甘肃,2019,3+X文理综,nat750,750,文理,3,2,0,2,0,2
甘肃,2020,3+X文理综,nat750,750,文理,2,0,0,1,0,2
甘肃,2021,3+X文理综,nat750,750,文理,2,0,0,1,0,2
甘肃,2022,3+X文理综,nat750,750,文理,2,0,0,2,0,2
甘肃,2023,3+X文理综,nat750,750,文理,2,0,0,1,0,2
甘肃,2024,3+1+2,nat750,750,物历,2,0,0,0,0,2
甘肃,2025,3+1+2,nat750,750,物历,2,0,0,0,0,2
甘肃,2026,3+1+2,nat750,750,物历,2,0,0,1,0,2
青海,2000,3+X文理综,nat750,750,文理,2,0,0,1,0,0
青海,2001,3+X文理综,nat750,750,文理,2,0,0,0,0,0
青海,2002,3+X文理综,nat750,750,文理,2,0,0,2,0,0
青海,2003,3+X文理综,nat750,750,文理,2,0,0,1,0,0
青海,2004,3+X文理综,nat750,750,文理,2,0,0,1,0,0
青海,2005,3+X文理综,nat750,750,文理,2,0,0,1,0,1
青海,2006,3+X文理综,nat750,750,文理,1,0,0,0,0,1
青海,2007,3+X文理综,nat750,750,文理,2,0,0,0,0,1
青海,2008,3+X文理综,nat750,750,文理,2,0,1,1,0,1
青海,2009,3+X文理综,nat750,750,文理,3,0,1,3,0,1
青海,2010,3+X文理综,nat750,750,文理,2,0,0,2,0,1
青海,2011,3+X文理综,nat750,750,文理,2,0,0,2,0,1
青海,2012,3+X文理综,nat750,750,文理,2,0,1,1,0,1
青海,2013,3+X文理综,nat750,750,文理,2,0,0,1,0,1
青海,2014,3+X文理综,nat750,750,文理,3,0,1,1,0,1
青海,2015,3+X文理综,nat750,750,文理,3,0,1,2,0,1
青海,2016,3+X文理综,nat750,750,文理,2,0,1,2,0,1
青海,2017,3+X文理综,nat750,750,文理,2,0,0,1,0,1
青海,2018,3+X文理综,nat750,750,文理,2,0,0,1,1,2
青海,2019,3+X文理综,nat750,750,文理,2,0,0,1,0,2
青海,2020,3+X文理综,nat750,750,文理,2,0,0,2,0,2
青海,2021,3+X文理综,nat750,750,文理,2,0,0,1,0,2
青海,2022,3+X文理综,nat750,750,文理,4,0,2,4,0,2
青海,2023,3+X文理综,nat750,750,文理,3,0,1,3,0,2
青海,2024,3+X文理综,nat750,750,文理,2,0,0,1,0,2
青海,2025,3+1+2,nat750,750,物历,2,0,0,1,1,2
青海,2026,3+1+2,nat750,750,物历,2,0,0,0,2,2
宁夏,2000,3+X文理综,nat750,750,文理,2,0,0,1,0,0
宁夏,2001,3+X文理综,nat750,750,文理,2,0,0,1,0,0
宁夏,2002,3+X文理综,nat750,750,文理,4,3,0,4,0,0
宁夏,2003,3+X文理综,nat750,750,文理,3,2,0,3,0,0
宁夏,2004,3+X文理综,nat750,750,文理,2,0,0,2,0,0
宁夏,2005,3+X文理综,nat750,750,文理,2,0,0,2,0,1
宁夏,2006,3+X文理综,nat750,750,文理,3,0,1,3,0,1
宁夏,2007,3+X文理综,nat750,750,文理,2,0,0,2,0,1
宁夏,2008,3+X文理综,nat750,750,文理,2,0,0,2,0,1
宁夏,2009,3+X文理综,nat750,750,文理,3,2,0,3,0,1
宁夏,2010,3+X文理综,nat750,750,文理,2,0,0,2,0,1
宁夏,2011,3+X文理综,nat750,750,文理,3,0,1,2,0,1
宁夏,2012,3+X文理综,nat750,750,文理,2,0,0,2,0,1
宁夏,2013,3+X文理综,nat750,750,文理,3,0,1,2,0,1
宁夏,2014,3+X文理综,nat750,750,文理,4,0,2,1,0,1
宁夏,2015,3+X文理综,nat750,750,文理,2,0,1,1,0,1
宁夏,2016,3+X文理综,nat750,750,文理,2,0,0,2,0,1
宁夏,2017,3+X文理综,nat750,750,文理,2,0,1,0,0,1
宁夏,2018,3+X文理综,nat750,750,文理,4,2,1,4,0,2
宁夏,2019,3+X文理综,nat750,750,文理,2,0,2,2,0,2
宁夏,2020,3+X文理综,nat750,750,文理,3,0,1,3,0,2
宁夏,2021,3+X文理综,nat750,750,文理,3,0,1,3,0,2
宁夏,2022,3+X文理综,nat750,750,文理,2,0,1,1,0,2
宁夏,2023,3+X文理综,nat750,750,文理,3,2,0,3,0,2
宁夏,2024,3+X文理综,nat750,750,文理,2,0,0,0,0,2
宁夏,2025,3+1+2,nat750,750,物历,2,0,0,0,0,2
宁夏,2026,3+1+2,nat750,750,物历,3,2,0,0,2,2
新疆,2000,3+X文理综,nat750,750,文理,3,2,0,3,0,0
新疆,2001,3+X文理综,nat750,750,文理,2,0,0,1,0,0
新疆,2002,3+X文理综,nat750,750,文理,3,0,0,3,0,0
新疆,2003,3+X文理综,nat750,750,文理,2,0,0,2,0,0
新疆,2004,3+X文理综,nat750,750,文理,2,0,2,2,0,0
新疆,2005,3+X文理综,nat750,750,文理,3,0,2,3,0,1
新疆,2006,3+X文理综,nat750,750,文理,2,0,2,2,0,1
新疆,2007,3+X文理综,nat750,750,文理,5,0,2,3,0,1
新疆,2008,3+X文理综,nat750,750,文理,4,0,0,0,0,1
新疆,2009,3+X文理综,nat750,750,文理,5,0,4,2,0,1
新疆,2010,3+X文理综,nat750,750,文理,3,0,1,2,0,1
新疆,2011,3+X文理综,nat750,750,文理,4,0,2,3,0,1
新疆,2012,3+X文理综,nat750,750,文理,4,0,1,3,0,1
新疆,2013,3+X文理综,nat750,750,文理,3,0,1,3,0,1
新疆,2014,3+X文理综,nat750,750,文理,4,0,2,1,0,1
新疆,2015,3+X文理综,nat750,750,文理,3,0,1,2,0,1
新疆,2016,3+X文理综,nat750,750,文理,5,0,3,3,0,1
新疆,2017,3+X文理综,nat750,750,文理,4,0,0,2,0,1
新疆,2018,3+X文理综,nat750,750,文理,4,0,0,1,0,2
新疆,2019,3+X文理综,nat750,750,文理,4,0,2,2,0,2
新疆,2020,3+X文理综,nat750,750,文理,6,3,0,0,0,2
新疆,2021,3+X文理综,nat750,750,文理,4,0,1,1,0,2
新疆,2022,3+X文理综,nat750,750,文理,3,0,0,1,0,2
新疆,2023,3+X文理综,nat750,750,文理,4,0,1,2,0,2
新疆,2024,3+X文理综,nat750,750,文理,4,0,0,3,1,2
新疆,2025,3+1+2,nat750,750,物历,5,0,1,1,3,2
新疆,2026,3+1+2,nat750,750,物历,2,0,0,0,2,2
内蒙古,2000,3+X文理综,nat750,750,文理,2,0,0,1,0,0
内蒙古,2001,3+X文理综,nat750,750,文理,2,0,0,1,0,0
内蒙古,2002,3+X文理综,nat750,750,文理,2,0,0,1,0,0
内蒙古,2003,3+X文理综,nat750,750,文理,2,0,0,0,0,0
内蒙古,2004,3+X文理综,nat750,750,文理,2,0,0,2,0,0
内蒙古,2005,3+X文理综,nat750,750,文理,2,0,0,2,0,1
内蒙古,2006,3+X文理综,nat750,750,文理,3,0,1,2,0,1
内蒙古,2007,3+X文理综,nat750,750,文理,2,0,0,1,0,1
内蒙古,2008,3+X文理综,nat750,750,文理,2,0,0,2,0,1
内蒙古,2009,3+X文理综,nat750,750,文理,3,0,2,1,0,1
内蒙古,2010,3+X文理综,nat750,750,文理,5,2,2,2,0,1
内蒙古,2011,3+X文理综,nat750,750,文理,2,0,2,1,0,1
内蒙古,2012,3+X文理综,nat750,750,文理,3,0,1,3,0,1
内蒙古,2013,3+X文理综,nat750,750,文理,4,0,2,2,0,1
内蒙古,2014,3+X文理综,nat750,750,文理,4,0,2,4,0,1
内蒙古,2015,3+X文理综,nat750,750,文理,3,0,1,2,0,1
内蒙古,2016,3+X文理综,nat750,750,文理,3,0,2,2,0,1
内蒙古,2017,3+X文理综,nat750,750,文理,4,2,2,4,0,1
内蒙古,2018,3+X文理综,nat750,750,文理,2,0,0,1,0,2
内蒙古,2019,3+X文理综,nat750,750,文理,3,0,1,2,0,2
内蒙古,2020,3+X文理综,nat750,750,文理,3,0,1,2,0,2
内蒙古,2021,3+X文理综,nat750,750,文理,3,0,1,2,0,2
内蒙古,2022,3+X文理综,nat750,750,文理,5,2,2,4,0,2
内蒙古,2023,3+X文理综,nat750,750,文理,4,0,2,2,1,2
内蒙古,2024,3+X文理综,nat750,750,文理,4,3,1,4,0,2
内蒙古,2025,3+1+2,nat750,750,物历,2,0,0,2,0,2
内蒙古,2026,3+1+2,nat750,750,物历,2,0,0,0,0,2
